{"stats":{"minecraft:broken":{"minecraft:stone_pickaxe":6},"minecraft:crafted":{"minecraft:oak_planks":56,"minecraft:stone_shovel":1,"minecraft:crafting_table":2,"minecraft:wooden_pickaxe":1,"minecraft:iron_helmet":1,"minecraft:iron_sword":1,"minecraft:furnace":2,"minecraft:copper_ingot":47,"minecraft:stone_axe":1,"minecraft:air":0,"minecraft:iron_boots":1,"minecraft:iron_chestplate":1,"minecraft:charcoal":4,"minecraft:iron_axe":1,"minecraft:stick":60,"minecraft:iron_ingot":83,"minecraft:iron_pickaxe":1,"minecraft:stone_pickaxe":7,"minecraft:iron_block":3,"minecraft:stone_sword":1,"minecraft:chest":1,"minecraft:iron_shovel":1,"minecraft:iron_leggings":1,"minecraft:copper_block":2,"minecraft:torch":92,"minecraft:stone_hoe":1},"minecraft:used":{"minecraft:wheat_seeds":8,"minecraft:diorite":13,"minecraft:stone_sword":6,"minecraft:stone_shovel":23,"minecraft:stone_pickaxe":834,"minecraft:chest":1,"minecraft:wooden_pickaxe":5,"minecraft:iron_sword":17,"minecraft:stone_hoe":8,"minecraft:torch":86,"minecraft:dirt":18,"minecraft:crafting_table":6,"minecraft:carrot":1,"minecraft:apple":4,"minecraft:iron_axe":30,"minecraft:iron_pickaxe":3,"minecraft:stone_axe":22,"minecraft:cobblestone":166,"minecraft:furnace":2,"minecraft:oak_sapling":1},"minecraft:custom":{"minecraft:interact_with_furnace":47,"minecraft:mob_kills":6,"minecraft:interact_with_crafting_table":31,"minecraft:leave_game":3,"minecraft:time_since_death":75641,"minecraft:time_since_rest":75641,"minecraft:sprint_one_cm":87898,"minecraft:damage_taken":22,"minecraft:walk_one_cm":179860,"minecraft:damage_dealt":978,"minecraft:swim_one_cm":1759,"minecraft:fly_one_cm":14151,"minecraft:open_chest":23,"minecraft:crouch_one_cm":1426,"minecraft:play_time":75641,"minecraft:sneak_time":1529,"minecraft:walk_under_water_one_cm":2598,"minecraft:jump":361,"minecraft:walk_on_water_one_cm":5820,"minecraft:total_world_time":75641},"minecraft:picked_up":{"minecraft:birch_log":7,"minecraft:crafting_table":5,"minecraft:andesite":13,"minecraft:tuff":26,"minecraft:oak_log":44,"minecraft:lapis_lazuli":29,"minecraft:dirt":28,"minecraft:raw_copper":29,"minecraft:apple":4,"minecraft:wheat_seeds":8,"minecraft:cobbled_deepslate":95,"minecraft:birch_sapling":3,"minecraft:stick":6,"minecraft:raw_iron":56,"minecraft:torch":10,"minecraft:gravel":32,"minecraft:diorite":21,"minecraft:carrot":1,"minecraft:rotten_flesh":3,"minecraft:oak_sapling":17,"minecraft:coal":122,"minecraft:cobblestone":485},"minecraft:mined":{"minecraft:tuff":26,"minecraft:crafting_table":5,"minecraft:torch":6,"minecraft:grass_block":3,"minecraft:copper_ore":12,"minecraft:cobblestone":19,"minecraft:deepslate_coal_ore":12,"minecraft:lapis_ore":4,"minecraft:diorite":21,"minecraft:wall_torch":4,"minecraft:seagrass":3,"minecraft:birch_log":7,"minecraft:iron_ore":50,"minecraft:birch_leaves":4,"minecraft:andesite":14,"minecraft:deepslate_lapis_ore":1,"minecraft:grass":31,"minecraft:oak_log":44,"minecraft:coal_ore":110,"minecraft:deepslate_iron_ore":6,"minecraft:gravel":4,"minecraft:dirt":25,"minecraft:stone":468,"minecraft:oak_leaves":28,"minecraft:deepslate":95},"minecraft:killed":{"minecraft:zombie":5,"minecraft:drowned":1}},"DataVersion":2724}